{
    "loss": 0.9479814767837524,
    "accuracy": 0.8345323801040649
}