{
    "loss": 11.115382194519043,
    "accuracy": 0.5467625856399536
}