{
    "loss": 9.731733322143555,
    "accuracy": 0.5035971403121948
}